{"flutter":{"platforms":{"android":{"default":{"projectId":"blood-sync1","appId":"1:514438827672:android:fa42f36517887d9c428aed","fileOutput":"android/app/google-services.json"}},"dart":{"lib/firebase_options.dart":{"projectId":"blood-sync1","configurations":{"android":"1:514438827672:android:fa42f36517887d9c428aed","ios":"1:514438827672:ios:121f7e8d0e267650428aed","macos":"1:514438827672:ios:121f7e8d0e267650428aed","web":"1:514438827672:web:aec3c5f1c4127dd3428aed","windows":"1:514438827672:web:82bfc46bf3d3c69e428aed"}}}}}}